{
    "test_name": "10 participant",
    "tests": [
        {
            "epoch": 0,
            "Init_cost": 3.030879497528076,
            "Join_cost": [
                3.241546869277954,
                3.2478530406951904,
                3.1909589767456055,
                3.307529926300049,
                3.264867067337036,
                3.286555290222168,
                3.170689105987549,
                3.2354049682617188,
                3.231268882751465,
                3.2169928550720215
            ],
            "Start_cost": 5.507391691207886,
            "Activate_cost": 4.000948429107666,
            "Firefly_cost": 0.0
        },
        {
            "epoch": 1,
            "Init_cost": 3.161393404006958,
            "Join_cost": [
                3.413949489593506,
                3.3920295238494873,
                3.3438174724578857,
                3.3385932445526123,
                3.3933656215667725,
                3.4084341526031494,
                3.5119590759277344,
                3.3934521675109863,
                3.4285972118377686,
                3.4630227088928223
            ],
            "Start_cost": 5.507167100906372,
            "Activate_cost": 4.7784624099731445,
            "Firefly_cost": 0.0
        },
        {
            "epoch": 2,
            "Init_cost": 3.0304808616638184,
            "Join_cost": [
                3.2105908393859863,
                3.1608774662017822,
                3.224980354309082,
                3.1887245178222656,
                3.3204822540283203,
                3.2306201457977295,
                3.1978955268859863,
                3.210191249847412,
                3.1778523921966553,
                3.23205304145813
            ],
            "Start_cost": 5.1834821701049805,
            "Activate_cost": 3.5329394340515137,
            "Firefly_cost": 238.61478543281555
        },
        {
            "epoch": 3,
            "Init_cost": 3.14835786819458,
            "Join_cost": [
                3.4551703929901123,
                3.4300637245178223,
                3.408937454223633,
                3.4191577434539795,
                3.467474937438965,
                3.4197335243225098,
                3.400444984436035,
                3.4146549701690674,
                3.4269890785217285,
                3.4252383708953857
            ],
            "Start_cost": 5.2777533531188965,
            "Activate_cost": 4.1032023429870605,
            "Firefly_cost": 233.91727471351624
        }
    ]
}