{
    "test_name": "5 participant",
    "tests": [
        {
            "epoch": 0,
            "Init_cost": 3.2211239337921143,
            "Join_cost": [
                3.4281463623046875,
                3.444772243499756,
                3.45046067237854,
                3.471186399459839,
                3.484736442565918
            ],
            "Start_cost": 3.3690202236175537,
            "Activate_cost": 1.577672004699707,
            "Firefly_cost": 0.0
        },
        {
            "epoch": 1,
            "Init_cost": 3.068636655807495,
            "Join_cost": [
                3.2347302436828613,
                3.1952524185180664,
                3.2086827754974365,
                3.2107555866241455,
                3.1533045768737793
            ],
            "Start_cost": 2.9934568405151367,
            "Activate_cost": 1.4818406105041504,
            "Firefly_cost": 179.4403464794159
        },
        {
            "epoch": 2,
            "Init_cost": 3.011077642440796,
            "Join_cost": [
                3.157264232635498,
                3.2518022060394287,
                3.2033956050872803,
                3.1612210273742676,
                3.182346820831299
            ],
            "Start_cost": 2.9144346714019775,
            "Activate_cost": 1.4367876052856445,
            "Firefly_cost": 188.69476342201233
        }
    ]
}