{
    "test_name": "10 participant",
    "tests": [
        {
            "epoch": 0,
            "Init_cost": 3.030879497528076,
            "Join_cost": [
                3.241546869277954,
                3.2478530406951904,
                3.1909589767456055,
                3.307529926300049,
                3.264867067337036,
                3.286555290222168,
                3.170689105987549,
                3.2354049682617188,
                3.231268882751465,
                3.2169928550720215
            ],
            "Start_cost": 5.507391691207886,
            "Activate_cost": 4.000948429107666,
            "Firefly_cost": 0.0
        },
        {
            "epoch": 1,
            "Init_cost": 3.161393404006958,
            "Join_cost": [
                3.413949489593506,
                3.3920295238494873,
                3.3438174724578857,
                3.3385932445526123,
                3.3933656215667725,
                3.4084341526031494,
                3.5119590759277344,
                3.3934521675109863,
                3.4285972118377686,
                3.4630227088928223
            ],
            "Start_cost": 5.507167100906372,
            "Activate_cost": 4.7784624099731445,
            "Firefly_cost": 0.0
        },
        {
            "epoch": 2,
            "Init_cost": 3.0304808616638184,
            "Join_cost": [
                3.2105908393859863,
                3.1608774662017822,
                3.224980354309082,
                3.1887245178222656,
                3.3204822540283203,
                3.2306201457977295,
                3.1978955268859863,
                3.210191249847412,
                3.1778523921966553,
                3.23205304145813
            ],
            "Start_cost": 5.1834821701049805,
            "Activate_cost": 3.5329394340515137,
            "Firefly_cost": 0.0
        },
        {
            "epoch": 3,
            "Init_cost": 3.14835786819458,
            "Join_cost": [
                3.4551703929901123,
                3.4300637245178223,
                3.408937454223633,
                3.4191577434539795,
                3.467474937438965,
                3.4197335243225098,
                3.400444984436035,
                3.4146549701690674,
                3.4269890785217285,
                3.4252383708953857
            ],
            "Start_cost": 5.2777533531188965,
            "Activate_cost": 4.1032023429870605,
            "Firefly_cost": 0.0
        },
        {
            "epoch": 4,
            "Init_cost": 3.137000799179077,
            "Join_cost": [
                3.2308943271636963,
                3.242542028427124,
                3.2531802654266357,
                3.279015302658081,
                3.2591042518615723,
                3.2797558307647705,
                3.1943960189819336,
                3.278017520904541,
                3.21536922454834,
                3.259505271911621
            ],
            "Start_cost": 6.2957892417907715,
            "Activate_cost": 4.149549245834351,
            "Firefly_cost": 233.91727471351624
        },
        {
            "epoch": 5,
            "Init_cost": 3.109273910522461,
            "Join_cost": [
                3.296452283859253,
                3.2369120121002197,
                3.286600112915039,
                3.28912091255188,
                3.2509944438934326,
                3.2391433715820312,
                3.32407283782959,
                3.232271909713745,
                3.2580761909484863,
                3.320399284362793
            ],
            "Start_cost": 8.07361912727356,
            "Activate_cost": 4.297157049179077,
            "Firefly_cost": 238.61478543281555
        }
    ]
}