Index,fileCostTime,messageCostTime,chainCodeCostTime
1,,36.09999996423721,6.700000047683716
2,,42.19999998807907,8.100000023841858
3,,33.799999952316284,7.800000011920929
4,,36.69999998807907,6.800000011920929
5,,41.5,7.5
6,,34.299999952316284,7.399999976158142
7,,39.89999997615814,7.600000023841858
8,,33.299999952316284,7.5
9,,32.69999998807907,7.600000023841858
10,,47.09999996423721,8.199999988079071
11,,45.80000001192093,7.200000047683716
12,,37.700000047683716,6.699999988079071
13,,33.60000002384186,7.5
14,,34.60000002384186,6.600000023841858
15,,42.10000002384186,7.399999976158142
16,,33.69999998807907,7.799999952316284
17,,34.90000003576279,7
18,,35.30000001192093,6.400000035762787
19,,37.39999997615814,7.099999964237213
20,,35.19999998807907,7.300000011920929
21,,45.80000001192093,6.699999988079071
22,,39.10000002384186,9.899999976158142
23,,38.40000003576279,7.800000011920929
24,,34.5,7.099999964237213
25,,65.09999996423721,15.699999988079071
26,,35.59999996423721,7.399999976158142
27,,43.19999998807907,7.700000047683716
28,,41,8
29,,36.39999997615814,7.5
30,,31.799999952316284,7.899999976158142
31,,36.89999997615814,7.100000023841858
32,,38,9.300000011920929
33,,42.10000002384186,8.100000023841858
34,,35.10000002384186,6.900000035762787
35,,30.30000001192093,6.900000035762787
36,,28,7
37,,32,7.800000011920929
38,,32.30000001192093,6.800000011920929
39,,31.5,7.900000035762787
40,,38.30000001192093,10
41,,32.799999952316284,6.399999976158142
42,,32.80000001192093,7.199999988079071
43,,43.10000002384186,7.199999988079071
44,,32.39999997615814,6.699999988079071
45,,34.89999997615814,7.699999988079071
46,,34.60000002384186,6.800000011920929
47,,34.5,7.300000011920929
48,,41.30000001192093,6.699999988079071
49,,37.700000047683716,7.199999988079071
50,,36.30000001192093,7