{
    "test_name": "2 participant",
    "tests": [
        {
            "epoch": 0,
            "Init_cost": 3.0482265949249268,
            "Join_cost": [
                3.167677164077759,
                3.2518088817596436
            ],
            "Start_cost": 1.8758435249328613,
            "Activate_cost": 0.6438603401184082,
            "Firefly_cost": 0.0
        },
        {
            "epoch": 1,
            "Init_cost": 3.1177027225494385,
            "Join_cost": [
                3.39888334274292,
                3.4054372310638428
            ],
            "Start_cost": 1.896256923675537,
            "Activate_cost": 0.6691083908081055,
            "Firefly_cost": 108.75229811668396
        },
        {
            "epoch": 2,
            "Init_cost": 3.0333404541015625,
            "Join_cost": [
                3.2982304096221924,
                3.186908006668091
            ],
            "Start_cost": 1.9354338645935059,
            "Activate_cost": 0.7605748176574707,
            "Firefly_cost": 111.58946132659912
        }
    ]
}